REF_DATE,Full-time employment,Part-time employment,Participation rate,Population,Unemployment rate,Full-time (smoothed),Part-time (smoothed),Unemployment rate (smoothed)
1976-01-01,1963.8,535.9,63.2,4509.9,12.3,,,
1976-02-01,1970.8,538.3,63.2,4518.2,12.2,1972.5333333333335,538.1,12.133333333333333
1976-03-01,1983.0,540.1,63.3,4525.8,11.9,1982.6666666666667,540.0,12.0
1976-04-01,1994.2,541.6,63.5,4533.4,11.9,1994.0333333333335,538.7666666666667,11.966666666666667
1976-05-01,2004.9,534.6,63.6,4541.1,12.1,1999.3333333333333,541.6333333333333,12.066666666666668
1976-06-01,1998.9,548.7,63.8,4548.7,12.2,2000.2,540.3000000000001,12.5
1976-07-01,1996.8,537.6,64.1,4556.3,13.2,2004.3333333333333,538.4333333333334,12.566666666666665
1976-08-01,2017.3,529.0,63.6,4564.1,12.3,2016.3666666666668,526.9,12.5
1976-09-01,2035.0,514.1,63.4,4569.6,12.0,2021.3333333333333,523.1999999999999,12.299999999999999
1976-10-01,2011.7,526.5,63.5,4574.8,12.6,2018.5333333333335,527.1333333333333,12.433333333333332
1976-11-01,2008.9,540.8,63.8,4579.5,12.7,2021.1666666666667,530.0,12.766666666666666
1976-12-01,2042.9,522.7,64.3,4583.8,13.0,2030.2,535.1999999999999,12.866666666666667
1977-01-01,2038.8,542.1,64.5,4588.8,12.9,2034.3666666666668,538.4333333333334,13.133333333333333
1977-02-01,2021.4,550.5,64.7,4593.5,13.5,2026.7,546.2333333333333,13.200000000000001
1977-03-01,2019.9,546.1,64.3,4597.3,13.2,2021.3999999999999,549.7333333333332,13.4
1977-04-01,2022.9,552.6,64.7,4602.1,13.5,2019.2333333333336,551.6999999999999,13.366666666666667
1977-05-01,2014.9,556.4,64.4,4607.6,13.4,2015.8666666666668,554.9666666666667,13.433333333333332
1977-06-01,2009.8,555.9,64.2,4611.7,13.4,2011.6666666666667,555.8333333333334,13.733333333333334
1977-07-01,2010.3,555.2,64.8,4621.9,14.4,2008.3666666666666,561.1333333333333,14.033333333333333
1977-08-01,2005.0,572.3,65.0,4627.7,14.3,2002.2666666666667,567.0666666666666,14.433333333333335
1977-09-01,1991.5,573.7,64.8,4632.3,14.6,1998.4333333333332,573.0,14.5
1977-10-01,1998.8,573.0,64.9,4636.2,14.6,1999.9333333333332,571.6999999999999,14.533333333333333
1977-11-01,2009.5,568.4,64.9,4640.3,14.4,2003.6333333333332,572.7333333333333,14.399999999999999
1977-12-01,2002.6,576.8,64.7,4643.9,14.2,2007.4333333333334,569.8333333333333,14.200000000000001
1978-01-01,2010.2,564.3,64.4,4648.5,14.0,2014.9666666666665,570.3,14.0
1978-02-01,2032.1,569.8,64.9,4652.8,13.8,2025.9333333333334,569.2333333333332,14.0
1978-03-01,2035.5,573.6,65.3,4656.2,14.2,2031.0666666666666,575.4333333333333,14.066666666666665
1978-04-01,2025.6,582.9,65.3,4660.0,14.2,2031.533333333333,576.9666666666667,14.266666666666666
1978-05-01,2033.5,574.4,65.3,4664.7,14.4,2033.0666666666666,581.5,14.233333333333333
1978-06-01,2040.1,587.2,65.5,4667.6,14.1,2034.3999999999999,594.1666666666666,14.166666666666666
1978-07-01,2029.6,620.9,65.9,4677.1,14.0,2040.9666666666665,603.6666666666666,14.033333333333333
1978-08-01,2053.2,602.9,66.0,4680.8,14.0,2055.066666666666,597.1666666666666,14.033333333333331
1978-09-01,2082.4,567.7,65.9,4683.9,14.1,2082.133333333333,579.9666666666667,13.866666666666665
1978-10-01,2110.8,569.3,66.1,4686.7,13.5,2100.2333333333336,570.5666666666666,13.866666666666665
1978-11-01,2107.5,574.7,66.5,4689.4,14.0,2108.366666666667,576.4000000000001,13.833333333333334
1978-12-01,2106.8,585.2,66.7,4692.0,14.0,2102.0,591.8666666666667,13.933333333333332
1979-01-01,2091.7,615.7,66.9,4694.9,13.8,2102.3333333333335,598.4333333333334,13.866666666666667
1979-02-01,2108.5,594.4,66.8,4697.5,13.8,2106.9,605.6666666666666,13.6
1979-03-01,2120.5,606.9,66.9,4699.8,13.2,2116.2666666666664,604.3000000000001,13.533333333333333
1979-04-01,2119.8,611.6,67.3,4702.7,13.6,2120.1666666666665,617.2666666666667,13.233333333333334
1979-05-01,2120.2,633.3,67.2,4704.9,12.9,2125.1,624.2666666666668,13.033333333333333
1979-06-01,2135.3,627.9,67.1,4707.2,12.6,2131.066666666667,634.5333333333333,12.6
1979-07-01,2137.7,642.4,67.2,4716.8,12.3,2142.133333333333,639.6666666666666,12.266666666666666
1979-08-01,2153.4,648.7,67.4,4719.3,11.9,2148.1333333333337,652.0333333333333,12.0
1979-09-01,2153.3,665.0,67.7,4721.7,11.8,2158.6000000000004,661.4333333333334,11.933333333333335
1979-10-01,2169.1,670.6,68.4,4725.3,12.1,2162.566666666667,669.1999999999999,12.033333333333333
1979-11-01,2165.3,672.0,68.3,4727.9,12.2,2169.1,670.8666666666667,12.166666666666666
1979-12-01,2172.9,670.0,68.4,4730.4,12.2,2172.166666666667,666.3666666666667,12.299999999999999
1980-01-01,2178.3,657.1,68.5,4732.6,12.5,2177.2333333333336,662.0333333333333,12.366666666666667
1980-02-01,2180.5,659.0,68.4,4734.8,12.4,2176.2000000000003,657.8666666666667,12.633333333333333
1980-03-01,2169.8,657.5,68.6,4736.6,13.0,2173.4666666666667,660.5,12.799999999999999
1980-04-01,2170.1,665.0,68.8,4738.4,13.0,2165.066666666667,656.5333333333333,13.066666666666668
1980-05-01,2155.3,647.1,68.1,4740.4,13.2,2163.3333333333335,658.3666666666667,13.233333333333334
1980-06-01,2164.6,663.0,69.0,4742.8,13.5,2155.2999999999997,655.7666666666668,13.333333333333334
1980-07-01,2146.0,657.2,68.1,4751.3,13.3,2151.7333333333336,663.1666666666666,13.299999999999999
1980-08-01,2144.6,669.3,68.1,4752.2,13.1,2152.6,671.7,12.966666666666667
1980-09-01,2167.2,688.6,68.7,4753.3,12.5,2158.2666666666664,682.1666666666666,12.700000000000001
1980-10-01,2163.0,688.6,68.6,4753.8,12.5,2165.7,690.7666666666668,12.333333333333334
1980-11-01,2166.9,695.1,68.5,4753.9,12.0,2172.733333333333,683.3000000000001,12.299999999999999
1980-12-01,2188.3,666.2,68.6,4753.7,12.4,2180.7000000000003,687.5,12.266666666666666
1981-01-01,2186.9,701.2,69.4,4752.7,12.4,2186.5333333333333,694.7666666666668,12.433333333333332
1981-02-01,2184.4,716.9,69.8,4751.2,12.5,2176.6,713.7333333333332,12.533333333333333
1981-03-01,2158.5,723.1,69.5,4750.0,12.7,2172.8333333333335,719.9333333333334,12.433333333333332
1981-04-01,2175.6,719.8,69.3,4748.4,12.1,2169.5,726.2999999999998,12.333333333333334
1981-05-01,2174.4,736.0,69.8,4746.8,12.2,2185.366666666667,722.5,12.166666666666666
1981-06-01,2206.1,711.7,70.0,4744.6,12.2,2200.1,706.5,12.1
1981-07-01,2219.8,671.8,69.1,4749.4,11.9,2203.2000000000003,691.1,11.933333333333332
1981-08-01,2183.7,689.8,68.5,4745.4,11.7,2170.5333333333333,697.6333333333332,12.466666666666667
1981-09-01,2108.1,731.3,69.5,4739.4,13.8,2126.2999999999997,714.1666666666666,13.066666666666668
1981-10-01,2087.1,721.4,68.7,4734.7,13.7,2086.1666666666665,725.6999999999999,13.899999999999999
1981-11-01,2063.3,724.4,68.7,4729.6,14.2,2061.7999999999997,726.6666666666666,14.066666666666668
1981-12-01,2035.0,734.2,68.4,4724.3,14.3,2035.6999999999998,726.9666666666666,14.433333333333332
1982-01-01,2008.8,722.3,68.0,4717.0,14.8,2009.6000000000001,726.4333333333334,14.733333333333334
1982-02-01,1985.0,722.8,67.7,4709.1,15.1,1985.2666666666667,722.6333333333332,15.166666666666666
1982-03-01,1962.0,722.8,67.7,4703.1,15.6,1958.0666666666666,727.1999999999999,15.700000000000001
1982-04-01,1927.2,736.0,67.8,4697.0,16.4,1928.0666666666666,726.3333333333334,16.400000000000002
1982-05-01,1895.0,720.2,67.3,4691.0,17.2,1884.1666666666667,732.3666666666667,17.3
1982-06-01,1830.3,740.9,67.2,4683.2,18.3,1833.1333333333332,740.5666666666666,18.5
1982-07-01,1774.1,760.6,67.6,4686.3,20.0,1779.2333333333333,759.2666666666668,19.433333333333334
1982-08-01,1733.3,776.3,67.1,4678.7,20.0,1767.1666666666667,751.0999999999999,20.066666666666666
1982-09-01,1794.1,716.4,67.3,4672.3,20.2,1769.5,737.8333333333334,20.3
1982-10-01,1781.1,720.8,67.6,4665.9,20.7,1786.5999999999997,715.6333333333333,20.400000000000002
1982-11-01,1784.6,709.7,67.1,4659.3,20.3,1777.0999999999997,718.7999999999998,20.53333333333333
1982-12-01,1765.6,725.9,67.4,4652.6,20.6,1766.0666666666666,728.3000000000001,20.3
1983-01-01,1748.0,749.3,67.3,4643.6,20.0,1754.9666666666665,737.6666666666666,20.233333333333334
1983-02-01,1751.3,737.8,67.2,4634.5,20.1,1747.5666666666666,743.8333333333334,20.066666666666666
1983-03-01,1743.4,744.4,67.3,4627.2,20.1,1748.3666666666668,736.7333333333332,20.2
1983-04-01,1750.4,728.0,67.4,4620.0,20.4,1743.6333333333332,735.6666666666666,20.233333333333334
1983-05-01,1737.1,734.6,67.2,4611.0,20.2,1745.8666666666668,741.7666666666668,20.066666666666666
1983-06-01,1750.1,762.7,67.9,4603.7,19.6,1742.0666666666666,763.0666666666666,19.53333333333333
1983-07-01,1739.0,791.9,67.8,4602.7,18.8,1744.1333333333332,786.0333333333333,19.099999999999998
1983-08-01,1743.3,803.5,68.4,4593.8,18.9,1752.4333333333332,792.9,18.599999999999998
1983-09-01,1775.0,783.3,68.1,4586.8,18.1,1758.8333333333333,788.2666666666665,18.333333333333332
1983-10-01,1758.2,778.0,67.5,4580.0,18.0,1756.2,783.5,18.099999999999998
1983-11-01,1735.4,789.2,67.5,4573.2,18.2,1744.1000000000001,785.0,18.1
1983-12-01,1738.7,787.8,67.6,4566.6,18.1,1738.8666666666668,783.7000000000002,18.099999999999998
1984-01-01,1742.5,774.1,67.4,4557.7,18.0,1742.4333333333332,782.5333333333333,17.933333333333334
1984-02-01,1746.1,785.7,67.6,4548.9,17.7,1744.8666666666668,779.3666666666668,17.733333333333334
1984-03-01,1746.0,778.3,67.4,4541.8,17.5,1742.9666666666665,782.6333333333333,17.733333333333334
1984-04-01,1736.8,783.9,67.8,4533.1,18.0,1739.5666666666666,785.6,17.9
1984-05-01,1735.9,794.6,68.3,4526.3,18.2,1738.0,795.9333333333334,17.833333333333332
1984-06-01,1741.3,809.3,68.2,4519.6,17.3,1740.2333333333333,808.1666666666666,17.533333333333335
1984-07-01,1743.5,820.6,68.5,4515.7,17.1,1734.1333333333332,818.7666666666668,17.166666666666668
1984-08-01,1717.6,826.4,68.0,4508.3,17.1,1735.6000000000001,817.1999999999999,17.233333333333334
1984-09-01,1745.7,804.6,68.7,4501.1,17.5,1733.0666666666666,813.3000000000001,17.166666666666668
1984-10-01,1735.9,808.9,68.1,4492.1,16.9,1739.3333333333333,801.6333333333333,17.166666666666668
1984-11-01,1736.4,791.4,68.0,4485.1,17.1,1740.4333333333334,797.4666666666667,16.86666666666667
1984-12-01,1749.0,792.1,68.0,4477.7,16.6,1739.3999999999999,797.7666666666668,16.466666666666665
1985-01-01,1732.8,809.8,67.5,4468.4,15.7,1742.2,800.5666666666666,16.066666666666666
1985-02-01,1744.8,799.8,67.8,4461.3,15.9,1741.7666666666667,803.9,16.03333333333333
1985-03-01,1747.7,802.1,68.6,4454.1,16.5,1747.5333333333335,799.9,16.266666666666666
1985-04-01,1750.1,797.8,68.6,4445.3,16.4,1744.3333333333333,806.9333333333334,16.23333333333333
1985-05-01,1735.2,820.9,68.4,4438.3,15.8,1740.0666666666666,812.2333333333332,16.266666666666666
1985-06-01,1734.9,818.0,69.1,4431.4,16.6,1736.0333333333335,821.5999999999999,16.0
1985-07-01,1738.0,825.9,68.6,4428.4,15.6,1736.8333333333333,828.3666666666667,15.866666666666667
1985-08-01,1737.6,841.2,68.9,4421.6,15.4,1736.8999999999999,829.4333333333334,15.566666666666665
1985-09-01,1735.1,821.2,68.7,4413.3,15.7,1739.033333333333,829.9,15.533333333333331
1985-10-01,1744.4,827.3,69.1,4406.7,15.5,1740.2666666666667,826.6,15.566666666666665
1985-11-01,1741.3,831.3,69.2,4400.2,15.5,1745.3999999999999,828.7666666666665,15.466666666666667
1985-12-01,1750.5,827.7,69.4,4393.3,15.4,1748.6333333333332,826.7333333333335,15.433333333333332
1986-01-01,1754.1,821.2,69.5,4384.6,15.4,1746.5,825.7333333333332,15.533333333333331
1986-02-01,1734.9,828.3,69.5,4377.5,15.8,1737.6333333333332,827.7333333333335,15.6
1986-03-01,1723.9,833.7,69.4,4370.4,15.6,1731.6000000000001,849.9,15.366666666666665
1986-04-01,1736.0,887.7,70.6,4361.5,14.7,1733.1666666666667,856.7333333333335,14.999999999999998
1986-05-01,1739.6,848.8,69.7,4354.4,14.7,1750.0333333333335,863.9666666666666,14.533333333333331
1986-06-01,1774.5,855.4,70.5,4345.2,14.2,1760.9666666666665,846.2666666666668,14.433333333333332
1986-07-01,1768.8,834.6,70.0,4341.1,14.4,1767.2666666666667,840.1999999999999,14.266666666666666
1986-08-01,1758.5,830.6,69.7,4331.3,14.2,1752.7666666666667,834.5666666666666,14.333333333333334
1986-09-01,1731.0,838.5,69.5,4319.0,14.4,1736.6666666666667,837.4333333333334,14.233333333333333
1986-10-01,1720.5,843.2,69.3,4309.1,14.1,1722.1999999999998,842.9333333333334,14.133333333333333
1986-11-01,1715.1,847.1,69.2,4299.3,13.9,1710.5,845.9333333333334,14.1
1986-12-01,1695.9,847.5,69.2,4289.6,14.3,1707.9666666666665,844.4333333333334,14.133333333333333
1987-01-01,1712.9,838.7,69.5,4277.1,14.2,1709.6333333333334,840.1333333333333,14.333333333333334
1987-02-01,1720.1,834.2,70.1,4264.7,14.5,1721.3,830.4666666666667,14.33333333333333
1987-03-01,1730.9,818.5,69.9,4255.1,14.3,1726.9000000000003,830.7666666666668,14.133333333333333
1987-04-01,1729.7,839.6,70.0,4245.6,13.6,1728.7333333333333,834.8666666666668,13.766666666666666
1987-05-01,1725.6,846.5,70.1,4236.2,13.4,1734.5333333333335,838.4000000000001,13.399999999999999
1987-06-01,1748.3,829.1,70.3,4224.5,13.2,1740.2333333333333,833.0,13.233333333333333
1987-07-01,1746.8,823.4,70.1,4215.2,13.1,1750.1333333333332,822.6999999999999,13.066666666666665
1987-08-01,1755.3,815.6,70.2,4205.8,12.9,1750.1333333333332,824.1,12.699999999999998
1987-09-01,1748.3,833.3,70.0,4194.2,12.1,1752.8999999999999,829.7666666666668,12.466666666666667
1987-10-01,1755.1,840.4,70.8,4184.5,12.4,1746.3,842.4333333333334,12.333333333333334
1987-11-01,1735.5,853.6,70.8,4174.8,12.5,1741.3333333333333,855.0333333333333,12.199999999999998
1987-12-01,1733.4,871.1,70.8,4164.9,11.7,1733.2666666666667,864.0,12.033333333333331
1988-01-01,1730.9,867.3,71.0,4152.3,11.9,1730.4666666666665,867.6,11.6
1988-02-01,1727.1,864.4,70.5,4139.5,11.2,1724.0333333333335,868.6666666666666,11.499999999999998
1988-03-01,1714.1,874.3,70.8,4129.9,11.4,1719.2333333333333,866.2333333333332,11.333333333333334
1988-04-01,1716.5,860.0,70.6,4120.7,11.4,1713.2,864.7999999999998,11.533333333333331
1988-05-01,1709.0,860.1,70.8,4109.4,11.8,1707.6333333333332,857.2000000000002,11.366666666666667
1988-06-01,1697.4,851.5,69.8,4100.5,10.9,1710.6666666666667,848.1333333333333,11.366666666666665
1988-07-01,1725.6,832.8,70.5,4091.6,11.4,1702.3,848.6999999999999,11.299999999999999
1988-08-01,1683.9,861.8,70.5,4080.5,11.6,1683.3999999999999,864.2333333333332,11.6
1988-09-01,1640.7,898.1,70.7,4071.4,11.8,1660.3999999999999,878.6666666666666,11.766666666666666
1988-10-01,1656.6,876.1,70.8,4062.3,11.9,1657.8,880.2333333333332,11.733333333333333
1988-11-01,1676.1,866.5,70.9,4053.1,11.5,1670.6666666666667,866.0333333333334,11.533333333333331
1988-12-01,1679.3,855.5,70.6,4044.1,11.2,1680.0999999999997,870.9333333333334,11.233333333333333
1989-01-01,1684.9,890.8,71.8,4030.5,11.0,1676.7666666666667,878.2333333333332,11.133333333333331
1989-02-01,1666.1,888.4,71.5,4022.1,11.2,1677.4333333333334,887.8666666666667,10.933333333333332
1989-03-01,1681.3,884.4,71.5,4014.2,10.6,1674.7,881.8666666666667,10.966666666666663
1989-04-01,1676.7,872.8,71.6,4006.6,11.1,1681.8,866.6333333333332,10.933333333333332
1989-05-01,1687.4,842.7,71.2,3998.0,11.1,1675.8333333333333,858.1333333333333,11.066666666666665
1989-06-01,1663.4,858.9,71.0,3991.3,11.0,1687.5,839.8666666666667,10.833333333333334
1989-07-01,1711.7,818.0,70.9,3985.0,10.4,1693.9333333333334,835.8666666666667,10.633333333333331
1989-08-01,1706.7,830.7,71.2,3977.3,10.5,1676.6333333333332,849.3000000000001,10.433333333333332
1989-09-01,1611.5,899.2,70.6,3971.5,10.4,1642.8333333333333,870.5333333333333,10.6
1989-10-01,1610.3,881.7,70.6,3964.2,10.9,1608.1333333333332,890.8666666666668,10.766666666666666
1989-11-01,1602.6,891.7,70.8,3958.1,11.0,1599.5333333333335,889.6,11.1
1989-12-01,1585.7,895.4,70.8,3952.4,11.4,1599.533333333333,885.6333333333333,11.433333333333332
1990-01-01,1610.3,869.8,71.4,3945.1,11.9,1599.466666666667,883.1999999999999,11.566666666666665
1990-02-01,1602.4,884.4,71.3,3940.1,11.4,1599.6000000000001,881.0333333333333,11.333333333333334
1990-03-01,1586.1,888.9,70.4,3935.8,10.7,1585.4666666666665,884.4,11.199999999999998
1990-04-01,1567.9,879.9,70.4,3931.2,11.5,1568.6333333333334,877.7666666666665,11.333333333333334
1990-05-01,1551.9,864.5,69.8,3928.2,11.8,1557.0,874.0666666666666,11.533333333333331
1990-06-01,1551.2,877.8,69.7,3925.1,11.3,1554.7666666666667,859.5,11.799999999999999
1990-07-01,1561.2,836.2,69.7,3922.2,12.3,1552.6000000000001,850.8333333333334,12.033333333333333
1990-08-01,1545.4,838.5,69.5,3919.7,12.5,1535.2666666666667,849.2000000000002,12.666666666666664
1990-09-01,1499.2,872.9,69.8,3916.8,13.2,1503.5333333333335,864.8333333333334,13.133333333333333
1990-10-01,1466.0,883.1,69.6,3913.7,13.7,1468.0333333333335,882.1666666666666,13.566666666666665
1990-11-01,1438.9,890.5,69.1,3911.8,13.8,1438.6666666666667,889.0333333333333,14.066666666666665
1990-12-01,1411.1,893.5,69.1,3909.4,14.7,1406.2,897.5,14.6
1991-01-01,1368.6,908.5,68.8,3907.1,15.3,1380.2,903.0,15.133333333333331
1991-02-01,1360.9,907.0,68.6,3905.7,15.4,1359.2333333333333,902.7000000000002,15.6
1991-03-01,1348.2,892.6,68.4,3904.6,16.1,1345.3333333333333,902.6,15.866666666666665
1991-04-01,1326.9,908.2,68.2,3903.4,16.1,1335.6000000000001,907.1666666666666,16.033333333333335
1991-05-01,1331.7,920.7,68.6,3902.9,15.9,1333.1666666666667,911.3666666666668,16.166666666666668
1991-06-01,1340.9,905.2,68.9,3902.3,16.5,1330.2333333333333,914.4333333333334,16.333333333333332
1991-07-01,1318.1,917.4,68.7,3899.8,16.6,1323.8666666666666,914.1333333333333,16.400000000000002
1991-08-01,1312.6,919.8,68.3,3896.8,16.1,1311.8,914.4333333333334,16.3
1991-09-01,1304.7,906.1,67.7,3894.1,16.2,1307.7333333333333,914.6999999999999,15.9
1991-10-01,1305.9,918.2,67.6,3891.8,15.4,1303.4333333333334,908.4333333333334,15.733333333333334
1991-11-01,1299.7,901.0,67.0,3890.6,15.6,1301.466666666667,906.6333333333333,15.5
1991-12-01,1298.8,900.7,66.9,3890.3,15.5,1290.033333333333,903.9333333333334,15.733333333333334
1992-01-01,1271.6,910.1,66.8,3888.6,16.1,1273.2,906.7666666666668,15.9
1992-02-01,1249.2,909.5,66.2,3886.5,16.1,1256.3666666666668,910.4,16.233333333333334
1992-03-01,1248.3,911.6,66.6,3885.2,16.5,1244.533333333333,909.5,16.400000000000002
1992-04-01,1236.1,907.4,66.1,3884.1,16.6,1240.8666666666666,904.9333333333334,16.733333333333334
1992-05-01,1238.2,895.8,66.3,3883.3,17.1,1234.2,898.4666666666667,17.2
1992-06-01,1228.3,892.2,66.5,3882.1,17.9,1220.0666666666666,902.4,17.5
1992-07-01,1193.7,919.2,66.0,3882.6,17.5,1196.3999999999999,915.0,17.966666666666665
1992-08-01,1167.2,933.6,66.4,3883.3,18.5,1181.7666666666667,924.9666666666667,17.866666666666667
1992-09-01,1184.4,922.1,65.8,3884.0,17.6,1184.9666666666667,921.8000000000001,17.533333333333335
1992-10-01,1203.3,909.7,65.2,3884.2,16.5,1188.4333333333332,915.5,17.3
1992-11-01,1177.6,914.7,65.6,3884.1,17.8,1186.0666666666666,910.9333333333334,17.366666666666667
1992-12-01,1177.3,908.4,65.3,3884.0,17.8,1180.5,910.0,17.400000000000002
1993-01-01,1186.6,906.9,64.6,3883.9,16.6,1175.0333333333333,914.4333333333334,16.833333333333336
1993-02-01,1161.2,928.0,64.1,3883.2,16.1,1167.0333333333335,925.8666666666667,16.6
1993-03-01,1153.3,942.7,65.1,3883.6,17.1,1153.033333333333,934.1666666666666,16.900000000000002
1993-04-01,1144.6,931.8,64.8,3883.7,17.5,1136.4666666666665,941.6333333333332,17.366666666666667
1993-05-01,1111.5,950.4,64.4,3883.6,17.5,1119.7666666666667,945.7333333333332,17.733333333333334
1993-06-01,1103.2,955.0,64.8,3884.2,18.2,1105.7333333333333,955.9666666666666,17.766666666666666
1993-07-01,1102.5,962.5,64.5,3884.3,17.6,1112.7333333333333,951.5,17.599999999999998
1993-08-01,1132.5,937.0,64.2,3884.6,17.0,1124.3666666666666,947.2333333333332,17.099999999999998
1993-09-01,1138.1,942.2,64.3,3884.8,16.7,1133.1000000000001,936.5,16.900000000000002
1993-10-01,1128.7,930.3,63.8,3884.8,17.0,1132.8999999999999,939.0333333333333,17.0
1993-11-01,1131.9,944.6,64.6,3884.4,17.3,1129.3666666666668,941.9333333333334,17.033333333333335
1993-12-01,1127.5,950.9,64.3,3884.4,16.8,1122.8666666666668,950.0333333333333,17.266666666666666
1994-01-01,1109.2,954.6,64.5,3883.9,17.7,1119.5333333333333,950.0666666666667,17.26666666666667
1994-02-01,1121.9,944.7,64.3,3883.9,17.3,1121.1333333333334,950.1999999999999,17.066666666666666
1994-03-01,1132.3,951.3,64.0,3884.6,16.2,1125.6000000000001,943.2666666666668,16.73333333333333
1994-04-01,1122.6,933.8,63.5,3885.3,16.7,1135.5666666666666,938.6666666666666,16.433333333333334
1994-05-01,1151.8,930.9,64.1,3886.3,16.4,1140.6666666666665,934.8000000000001,16.266666666666666
1994-06-01,1147.6,939.7,63.7,3887.3,15.7,1150.3333333333333,939.6333333333332,15.766666666666666
1994-07-01,1151.6,948.3,63.7,3888.5,15.2,1148.5333333333333,946.7333333333332,15.466666666666667
1994-08-01,1146.4,952.2,63.8,3890.0,15.5,1152.3666666666666,955.8333333333334,15.166666666666666
1994-09-01,1159.1,967.0,64.1,3890.5,14.8,1153.8666666666666,949.3666666666667,15.4
1994-10-01,1156.1,928.9,63.7,3890.8,15.9,1172.5,941.9333333333334,15.066666666666668
1994-11-01,1202.3,929.9,64.1,3890.9,14.5,1180.3333333333333,924.5666666666666,15.1
1994-12-01,1182.6,914.9,63.3,3891.1,14.9,1193.4666666666665,926.0,14.5
1995-01-01,1195.5,933.2,63.7,3891.5,14.1,1191.1,921.5666666666666,14.433333333333335
1995-02-01,1195.2,916.6,63.3,3892.2,14.3,1192.6666666666667,925.8000000000001,14.4
1995-03-01,1187.3,927.6,63.8,3893.2,14.8,1183.6,929.6333333333333,14.633333333333333
1995-04-01,1168.3,944.7,63.6,3894.5,14.8,1165.5666666666666,946.3666666666667,14.700000000000001
1995-05-01,1141.1,966.8,63.3,3895.9,14.5,1153.1,960.7000000000002,14.666666666666666
1995-06-01,1149.9,970.6,63.8,3897.4,14.7,1143.9333333333334,964.2666666666665,14.799999999999999
1995-07-01,1140.8,955.4,63.4,3899.1,15.2,1144.3999999999999,959.5666666666667,14.966666666666667
1995-08-01,1142.5,952.7,63.2,3901.0,15.0,1135.7,947.5666666666666,15.166666666666666
1995-09-01,1123.8,934.6,62.3,3902.4,15.3,1134.7666666666667,946.1333333333333,15.066666666666668
1995-10-01,1138.0,951.1,62.9,3903.5,14.9,1130.9666666666667,939.8333333333334,15.0
1995-11-01,1131.1,933.8,62.1,3904.5,14.8,1132.5,943.1999999999999,15.0
1995-12-01,1128.4,944.7,62.7,3905.7,15.3,1128.2333333333333,937.9666666666667,15.133333333333335
1996-01-01,1125.2,935.4,62.3,3906.8,15.3,1121.9333333333334,949.3333333333334,15.366666666666667
1996-02-01,1112.2,967.9,63.0,3908.5,15.5,1124.3999999999999,947.1666666666666,15.333333333333334
1996-03-01,1135.8,938.2,62.6,3910.2,15.2,1128.5333333333335,952.1,15.033333333333333
1996-04-01,1137.6,950.2,62.4,3911.9,14.4,1135.0666666666666,947.9333333333334,14.733333333333334
1996-05-01,1131.8,955.4,62.5,3914.0,14.6,1133.033333333333,951.2666666666668,14.933333333333332
1996-06-01,1129.7,948.2,63.0,3915.5,15.8,1127.8333333333333,949.5,15.266666666666667
1996-07-01,1122.0,944.9,62.3,3917.7,15.4,1126.9666666666667,943.6333333333333,15.366666666666667
1996-08-01,1129.2,937.8,62.0,3919.4,14.9,1119.7,938.1,15.433333333333332
1996-09-01,1107.9,931.6,62.0,3921.1,16.0,1117.4333333333334,929.4333333333333,15.666666666666666
1996-10-01,1115.2,918.9,61.8,3922.7,16.1,1110.2666666666667,925.5333333333334,16.233333333333334
1996-11-01,1107.7,926.1,62.2,3924.3,16.6,1110.3666666666668,922.3000000000001,16.2
1996-12-01,1108.2,921.9,61.5,3926.0,15.9,1109.8666666666668,928.1999999999999,16.166666666666668
1997-01-01,1113.7,936.6,62.2,3928.4,16.0,1107.9666666666667,930.2333333333332,15.966666666666667
1997-02-01,1102.0,932.2,61.6,3930.6,16.0,1098.1333333333332,937.1999999999999,16.133333333333333
1997-03-01,1078.7,942.8,61.5,3932.8,16.4,1092.8,929.9666666666667,16.233333333333334
1997-04-01,1097.7,914.9,61.1,3936.2,16.3,1090.9333333333334,923.3666666666667,16.3
1997-05-01,1096.4,912.4,60.9,3938.6,16.2,1103.7666666666667,908.4666666666667,16.466666666666665
1997-06-01,1117.2,898.1,61.5,3941.8,16.9,1098.0333333333335,915.5999999999999,16.566666666666666
1997-07-01,1080.5,936.3,61.3,3944.5,16.6,1093.9333333333334,929.5333333333333,16.666666666666668
1997-08-01,1084.1,954.2,61.8,3946.9,16.5,1094.3333333333333,935.2000000000002,16.400000000000002
1997-09-01,1118.4,915.1,61.3,3950.2,16.1,1103.9333333333334,929.5,16.2
1997-10-01,1109.3,919.2,61.1,3952.7,16.0,1119.5666666666666,913.2666666666668,16.033333333333335
1997-11-01,1131.0,905.5,61.3,3955.0,16.0,1121.1000000000001,908.5,15.933333333333332
1997-12-01,1123.0,900.8,60.7,3957.1,15.8,1125.4666666666667,901.6,16.066666666666666
1998-01-01,1122.4,898.5,61.1,3959.8,16.4,1123.5333333333335,902.5,15.9
1998-02-01,1125.2,908.2,60.7,3962.7,15.5,1123.1000000000001,909.0333333333333,15.733333333333334
1998-03-01,1121.7,920.4,60.8,3965.3,15.3,1122.5333333333335,921.7666666666668,15.366666666666667
1998-04-01,1120.7,936.7,61.2,3968.1,15.3,1128.3000000000002,928.8000000000001,15.200000000000001
1998-05-01,1142.5,929.3,61.4,3970.9,15.0,1129.3999999999999,933.2999999999998,15.4
1998-06-01,1125.0,933.9,61.6,3974.5,15.9,1133.9,941.6333333333333,15.299999999999999
1998-07-01,1134.2,961.7,62.0,3977.3,15.0,1131.7,955.6999999999999,15.200000000000001
1998-08-01,1135.9,971.5,62.1,3980.0,14.7,1141.1000000000001,966.7333333333332,14.833333333333334
1998-09-01,1153.2,967.0,62.5,3983.9,14.8,1149.3,964.8333333333334,14.633333333333335
1998-10-01,1158.8,956.0,61.9,3986.9,14.4,1158.5666666666666,965.5,14.6
1998-11-01,1163.7,973.5,62.7,3990.0,14.6,1165.4,966.6333333333333,14.566666666666668
1998-12-01,1173.7,970.4,63.0,3993.2,14.7,1178.1000000000001,972.0,14.566666666666668
1999-01-01,1196.9,972.1,63.4,3997.1,14.4,1188.6000000000001,969.1999999999999,14.433333333333332
1999-02-01,1195.2,965.1,63.0,4001.2,14.2,1202.5666666666666,964.7333333333332,14.233333333333334
1999-03-01,1215.6,957.0,63.1,4005.1,14.1,1207.0666666666666,959.9666666666667,14.533333333333333
1999-04-01,1210.4,957.8,63.9,4009.1,15.3,1215.7333333333333,957.0666666666666,14.766666666666666
1999-05-01,1221.2,956.4,63.8,4013.0,14.9,1216.1000000000001,960.7333333333332,14.700000000000001
1999-06-01,1216.7,968.0,63.1,4017.9,13.9,1214.1666666666667,972.9,14.300000000000002
1999-07-01,1204.6,994.3,63.6,4021.7,14.1,1218.1000000000001,977.5333333333333,13.733333333333334
1999-08-01,1233.0,970.3,63.1,4026.3,13.2,1226.2333333333333,978.6999999999999,13.833333333333334
1999-09-01,1241.1,971.5,64.0,4030.1,14.2,1239.0,972.3000000000001,13.733333333333334
1999-10-01,1242.9,975.1,63.8,4033.9,13.8,1251.6999999999998,969.4333333333334,13.666666666666666
1999-11-01,1271.1,961.7,63.5,4037.6,13.0,1262.5,969.6333333333333,13.233333333333334
1999-12-01,1273.5,972.1,63.8,4041.0,12.9,1272.7666666666667,969.9333333333334,12.833333333333334
2000-01-01,1273.7,976.0,63.6,4044.8,12.6,1272.8999999999999,975.4666666666666,12.833333333333334
2000-02-01,1271.5,978.3,63.9,4048.7,13.0,1274.3999999999999,976.9,12.933333333333332
2000-03-01,1278.0,976.4,64.1,4052.4,13.2,1276.2333333333333,981.6999999999999,13.0
2000-04-01,1279.2,990.4,64.2,4056.0,12.8,1282.2,982.8333333333334,12.833333333333334
2000-05-01,1289.4,981.7,63.9,4061.0,12.5,1285.6000000000001,986.1333333333332,12.533333333333333
2000-06-01,1288.2,986.3,63.8,4065.1,12.3,1289.9,984.8000000000001,12.433333333333332
2000-07-01,1292.1,986.4,64.0,4069.5,12.5,1290.3666666666668,990.1,12.6
2000-08-01,1290.8,997.6,64.5,4074.6,13.0,1296.0333333333333,1002.5333333333333,12.666666666666666
2000-09-01,1305.2,1023.6,65.3,4079.0,12.5,1302.9333333333334,1012.6999999999999,12.799999999999999
2000-10-01,1312.8,1016.9,65.5,4083.5,12.9,1307.6666666666667,1021.5,12.633333333333333
2000-11-01,1305.0,1024.0,65.1,4087.9,12.5,1307.7666666666667,1028.8999999999999,12.566666666666668
2000-12-01,1305.5,1045.8,65.5,4092.3,12.3,1308.4333333333332,1029.4666666666667,12.266666666666667
2001-01-01,1314.8,1018.6,64.8,4093.8,12.0,1314.3333333333333,1019.1333333333333,12.4
2001-02-01,1322.7,993.0,64.9,4098.2,12.9,1318.5333333333335,1002.8666666666667,12.6
2001-03-01,1318.1,997.0,64.8,4103.1,12.9,1321.9333333333334,996.9000000000001,12.866666666666667
2001-04-01,1325.0,1000.7,64.9,4109.1,12.8,1320.2333333333333,1003.1,12.6
2001-05-01,1317.6,1011.6,64.4,4113.9,12.1,1318.0666666666666,1004.9333333333334,12.600000000000001
2001-06-01,1311.6,1002.5,64.5,4119.0,12.9,1309.8666666666666,1011.7999999999998,12.633333333333333
2001-07-01,1300.4,1021.3,64.7,4123.9,12.9,1311.7666666666667,1007.4666666666667,12.866666666666667
2001-08-01,1323.3,998.6,64.5,4127.5,12.8,1314.8,1009.4333333333334,12.766666666666667
2001-09-01,1320.7,1008.4,64.5,4131.1,12.6,1318.2,1005.1,12.799999999999999
2001-10-01,1310.6,1008.3,64.4,4134.3,13.0,1308.7333333333333,1012.6333333333333,13.166666666666666
2001-11-01,1294.9,1021.2,65.0,4137.2,13.9,1297.0333333333335,1019.0,13.666666666666666
2001-12-01,1285.6,1027.5,65.1,4139.9,14.1,1293.1,1031.7666666666667,13.966666666666667
2002-01-01,1298.8,1046.6,65.7,4143.4,13.9,1290.4999999999998,1043.3333333333333,14.0
2002-02-01,1287.1,1055.9,65.7,4146.2,14.0,1295.5666666666666,1052.7666666666667,14.033333333333331
2002-03-01,1300.8,1055.8,66.2,4149.6,14.2,1293.4666666666665,1061.7333333333333,13.866666666666667
2002-04-01,1292.5,1073.5,65.8,4153.7,13.4,1300.6333333333332,1064.9333333333334,13.9
2002-05-01,1308.6,1065.5,66.4,4157.2,14.1,1311.8333333333333,1063.6333333333332,13.733333333333334
2002-06-01,1334.4,1051.9,66.4,4160.5,13.7,1326.8999999999999,1060.6666666666667,13.766666666666666
2002-07-01,1337.7,1064.6,66.7,4164.3,13.5,1339.0000000000002,1065.3,13.566666666666668
2002-08-01,1344.9,1079.4,67.2,4166.8,13.5,1326.7,1081.2,13.5
2002-09-01,1297.5,1099.6,66.5,4169.4,13.5,1317.3999999999999,1092.4333333333332,13.6
2002-10-01,1309.8,1098.3,67.0,4171.8,13.8,1307.5,1098.3,13.766666666666666
2002-11-01,1315.2,1097.0,67.2,4174.3,14.0,1320.7333333333333,1096.2333333333333,13.700000000000001
2002-12-01,1337.2,1093.4,67.1,4176.6,13.3,1328.7666666666667,1095.8666666666668,13.566666666666668
2003-01-01,1333.9,1097.2,67.2,4179.3,13.4,1341.1000000000001,1098.2666666666667,13.299999999999999
2003-02-01,1352.2,1104.2,67.7,4182.0,13.2,1353.6666666666667,1096.7666666666667,13.133333333333333
2003-03-01,1374.9,1088.9,67.5,4185.2,12.8,1364.8000000000002,1090.4333333333334,13.133333333333335
2003-04-01,1367.3,1078.2,67.4,4189.2,13.4,1355.5,1090.7,13.333333333333334
2003-05-01,1324.3,1105.0,67.2,4192.2,13.8,1336.2,1101.7333333333333,13.566666666666668
2003-06-01,1317.0,1122.0,67.2,4196.4,13.5,1326.2,1105.2,13.799999999999999
2003-07-01,1337.3,1088.6,67.2,4199.5,14.1,1322.6666666666667,1107.2666666666667,13.833333333333334
2003-08-01,1313.7,1111.2,67.0,4202.7,13.9,1314.3,1109.1000000000001,14.1
2003-09-01,1291.9,1127.5,67.1,4206.9,14.3,1306.8666666666668,1117.9333333333332,14.0
2003-10-01,1315.0,1115.1,67.0,4210.1,13.8,1315.1666666666667,1114.6000000000001,13.9
2003-11-01,1338.6,1101.2,67.0,4213.4,13.6,1326.8666666666666,1109.5,13.766666666666666
2003-12-01,1327.0,1112.2,67.2,4216.4,13.9,1335.9333333333334,1103.5,13.766666666666666
2004-01-01,1342.2,1097.1,67.1,4219.9,13.8,1336.8999999999999,1096.9666666666667,13.933333333333332
2004-02-01,1341.5,1081.6,66.8,4223.8,14.1,1340.3999999999999,1089.2666666666667,13.933333333333332
2004-03-01,1337.5,1089.1,66.6,4227.6,13.9,1346.1666666666667,1086.0333333333333,13.866666666666667
2004-04-01,1359.5,1087.4,66.9,4231.7,13.6,1353.1666666666667,1086.7333333333333,13.699999999999998
2004-05-01,1362.5,1083.7,66.8,4235.8,13.6,1366.1333333333334,1089.6666666666667,13.4
2004-06-01,1376.4,1097.9,67.0,4241.3,13.0,1365.966666666667,1097.5666666666666,13.266666666666666
2004-07-01,1359.0,1111.1,67.0,4245.6,13.2,1357.7666666666667,1110.0333333333335,13.233333333333334
2004-08-01,1337.9,1121.1,66.9,4250.9,13.5,1357.5,1116.0999999999997,13.200000000000001
2004-09-01,1375.6,1116.1,67.2,4255.3,12.9,1360.9333333333332,1115.5333333333335,13.200000000000001
2004-10-01,1369.3,1109.4,67.1,4259.5,13.2,1370.9666666666665,1113.1,13.033333333333333
2004-11-01,1368.0,1113.8,66.9,4263.3,13.0,1366.3333333333333,1115.1333333333332,13.0
2004-12-01,1361.7,1122.2,66.7,4267.0,12.8,1365.1000000000001,1113.8333333333333,12.866666666666667
2005-01-01,1365.6,1105.5,66.3,4271.5,12.8,1361.3,1114.0,12.700000000000001
2005-02-01,1356.6,1114.3,66.1,4276.5,12.5,1354.3333333333333,1107.6000000000001,12.666666666666666
2005-03-01,1340.8,1103.0,65.4,4281.2,12.7,1345.2333333333333,1113.4,12.466666666666667
2005-04-01,1338.3,1122.9,65.4,4285.9,12.2,1345.7,1109.7,12.666666666666666
2005-05-01,1358.0,1103.2,66.0,4292.0,13.1,1353.3666666666666,1105.3999999999999,12.766666666666666
2005-06-01,1363.8,1090.1,65.6,4297.3,13.0,1363.2,1100.7666666666667,12.966666666666667
2005-07-01,1367.8,1109.0,66.0,4301.9,12.8,1372.8999999999999,1104.1666666666667,12.666666666666666
2005-08-01,1387.1,1113.4,66.1,4307.6,12.2,1384.6666666666667,1106.4666666666665,12.4
2005-09-01,1399.1,1097.0,65.9,4311.7,12.2,1385.2666666666664,1117.3333333333333,12.166666666666666
2005-10-01,1369.6,1141.6,66.2,4315.6,12.1,1387.3666666666668,1124.8999999999999,11.799999999999999
2005-11-01,1393.4,1136.1,65.9,4319.0,11.1,1391.0666666666666,1132.0333333333335,11.700000000000001
2005-12-01,1410.2,1118.4,66.4,4322.4,11.9,1401.5,1132.3666666666666,11.699999999999998
2006-01-01,1400.9,1142.6,66.8,4326.8,12.1,1403.8999999999999,1140.7,11.866666666666667
2006-02-01,1400.6,1161.1,66.9,4330.1,11.6,1409.4333333333334,1154.6333333333332,11.766666666666666
2006-03-01,1426.8,1160.2,67.5,4333.7,11.6,1423.0666666666666,1150.3333333333333,11.566666666666668
2006-04-01,1441.8,1129.7,67.0,4337.6,11.5,1444.0333333333335,1140.9333333333334,11.266666666666666
2006-05-01,1463.5,1132.9,67.0,4342.7,10.7,1447.1666666666667,1137.8,11.133333333333333
2006-06-01,1436.2,1150.8,67.0,4347.3,11.2,1445.8,1142.7666666666667,11.166666666666666
2006-07-01,1437.7,1144.6,67.2,4350.7,11.6,1442.6333333333332,1140.8333333333333,11.633333333333333
2006-08-01,1454.0,1127.1,67.5,4353.9,12.1,1446.6666666666667,1133.2666666666667,11.933333333333332
2006-09-01,1448.3,1128.1,67.3,4356.4,12.1,1459.8,1127.7,11.799999999999999
2006-10-01,1477.1,1127.9,67.3,4359.0,11.2,1463.0,1130.8666666666666,11.633333333333333
2006-11-01,1463.6,1136.6,67.5,4361.4,11.6,1468.4666666666665,1134.7333333333333,11.333333333333334
2006-12-01,1464.7,1139.7,67.2,4363.5,11.2,1461.1333333333332,1147.1666666666667,11.433333333333332
2007-01-01,1455.1,1165.2,67.8,4365.5,11.5,1456.3333333333333,1160.1000000000001,11.233333333333334
2007-02-01,1449.2,1175.4,67.5,4367.0,11.0,1452.3333333333333,1174.966666666667,11.166666666666666
2007-03-01,1452.7,1184.3,67.8,4368.9,11.0,1447.3,1180.5666666666666,11.033333333333333
2007-04-01,1440.0,1182.0,67.5,4371.3,11.1,1452.3000000000002,1181.2666666666667,10.966666666666667
2007-05-01,1464.2,1177.5,67.7,4373.6,10.8,1465.3999999999999,1172.9333333333332,10.9
2007-06-01,1492.0,1159.3,67.9,4376.3,10.8,1489.7,1164.7666666666667,10.733333333333334
2007-07-01,1512.9,1157.5,68.2,4379.5,10.6,1502.6333333333334,1160.1000000000001,10.633333333333335
2007-08-01,1503.0,1163.5,68.0,4382.2,10.5,1490.466666666667,1172.3666666666666,10.733333333333334
2007-09-01,1455.5,1196.1,68.0,4384.4,11.1,1467.3,1192.5333333333333,10.9
2007-10-01,1443.4,1218.0,68.3,4386.7,11.1,1449.9666666666665,1208.0666666666666,11.200000000000001
2007-11-01,1451.0,1210.1,68.5,4388.6,11.4,1450.8999999999999,1213.4333333333334,11.266666666666666
2007-12-01,1458.3,1212.2,68.6,4390.5,11.3,1461.5666666666668,1202.6666666666667,11.333333333333334
2008-01-01,1475.4,1185.7,68.3,4391.5,11.3,1469.1666666666667,1196.6333333333334,11.333333333333334
2008-02-01,1473.8,1192.0,68.5,4392.9,11.4,1469.5666666666666,1194.6,11.233333333333334
2008-03-01,1459.5,1206.1,68.1,4395.1,11.0,1471.0333333333335,1196.3,11.333333333333334
2008-04-01,1479.8,1190.8,68.7,4397.3,11.6,1471.9666666666665,1189.8666666666666,11.333333333333334
2008-05-01,1476.6,1172.7,68.0,4399.8,11.4,1475.6666666666667,1184.9666666666667,11.5
2008-06-01,1470.6,1191.4,68.3,4402.8,11.5,1470.9333333333332,1185.9333333333334,11.199999999999998
2008-07-01,1465.6,1193.7,67.6,4405.3,10.7,1473.3666666666668,1190.8333333333333,10.9
2008-08-01,1483.9,1187.4,67.7,4407.3,10.5,1462.0,1209.2,10.833333333333334
2008-09-01,1436.5,1246.5,68.6,4409.1,11.3,1450.8999999999999,1223.1666666666667,11.266666666666666
2008-10-01,1432.3,1235.6,68.8,4411.2,12.0,1432.8999999999999,1232.033333333333,11.9
2008-11-01,1429.9,1214.0,68.4,4412.6,12.4,1423.0666666666666,1220.1999999999998,12.299999999999999
2008-12-01,1407.0,1211.0,67.8,4413.9,12.5,1406.1666666666667,1202.6333333333334,12.700000000000001
2009-01-01,1381.6,1182.9,66.9,4414.8,13.2,1389.3999999999999,1185.966666666667,13.366666666666667
2009-02-01,1379.6,1164.0,67.3,4415.6,14.4,1375.9666666666665,1171.3333333333333,14.066666666666668
2009-03-01,1366.7,1167.1,67.1,4417.2,14.6,1360.3999999999999,1171.6999999999998,14.533333333333331
2009-04-01,1334.9,1184.0,66.8,4418.6,14.6,1340.2333333333333,1183.033333333333,14.799999999999999
2009-05-01,1319.1,1198.0,67.1,4420.5,15.2,1317.5,1193.8666666666668,15.066666666666665
2009-06-01,1298.5,1199.6,66.8,4422.8,15.4,1302.1666666666667,1192.1000000000001,15.5
2009-07-01,1288.9,1178.7,66.3,4425.3,15.9,1283.7,1193.6000000000001,15.566666666666668
2009-08-01,1263.7,1202.5,65.9,4427.1,15.4,1281.8333333333333,1184.9333333333332,15.333333333333334
2009-09-01,1292.9,1173.6,65.3,4429.0,14.7,1288.7666666666667,1173.3333333333333,15.066666666666668
2009-10-01,1309.7,1143.9,65.2,4430.5,15.1,1296.8333333333335,1164.8,15.166666666666666
2009-11-01,1287.9,1176.9,66.0,4431.8,15.7,1293.2,1166.6666666666667,15.533333333333331
2009-12-01,1282.0,1179.2,65.9,4432.6,15.8,1289.5666666666666,1181.0666666666666,15.533333333333333
2010-01-01,1298.8,1187.1,66.0,4433.1,15.1,1299.8,1176.7,15.266666666666666
2010-02-01,1318.6,1163.8,65.8,4433.7,14.9,1300.5666666666666,1182.2666666666667,15.1
2010-03-01,1284.3,1195.9,66.0,4435.2,15.3,1294.4666666666665,1193.3666666666666,15.033333333333333
2010-04-01,1280.5,1220.4,66.2,4436.8,14.9,1282.1000000000001,1208.5,14.933333333333332
2010-05-01,1281.5,1209.2,65.7,4438.6,14.6,1283.4333333333334,1216.9333333333334,14.533333333333333
2010-06-01,1288.3,1221.2,65.8,4441.1,14.1,1284.3333333333333,1217.9666666666667,14.233333333333334
2010-07-01,1283.2,1223.5,65.6,4444.1,14.0,1284.8999999999999,1218.9666666666665,14.266666666666666
2010-08-01,1283.2,1212.2,65.8,4446.3,14.7,1283.2666666666667,1206.2,14.466666666666667
2010-09-01,1283.4,1182.9,65.0,4447.9,14.7,1284.3333333333333,1195.1666666666667,14.633333333333333
2010-10-01,1286.4,1190.4,65.1,4449.5,14.5,1285.9000000000003,1190.7666666666667,14.333333333333334
2010-11-01,1287.9,1199.0,64.8,4450.7,13.8,1291.7333333333333,1200.0666666666666,14.0
2010-12-01,1300.9,1210.8,65.4,4451.6,13.7,1297.1333333333334,1207.5,13.899999999999999
2011-01-01,1302.6,1212.7,65.8,4454.5,14.2,1300.4666666666665,1214.2,13.866666666666667
2011-02-01,1297.9,1219.1,65.5,4457.3,13.7,1304.6666666666667,1209.6666666666667,14.033333333333331
2011-03-01,1313.5,1197.2,65.6,4460.5,14.2,1310.4666666666665,1202.6000000000001,14.0
2011-04-01,1320.0,1191.5,65.5,4464.1,14.1,1311.6333333333334,1199.2666666666667,14.199999999999998
2011-05-01,1301.4,1209.1,65.5,4467.7,14.3,1314.6000000000001,1197.2,14.166666666666666
2011-06-01,1322.4,1191.0,65.5,4469.3,14.1,1313.0666666666668,1207.0666666666666,14.133333333333333
2011-07-01,1315.4,1221.1,66.0,4470.9,14.0,1324.7,1207.3,13.799999999999999
2011-08-01,1336.3,1209.8,65.7,4471.3,13.3,1324.1,1219.9333333333334,13.633333333333333
2011-09-01,1320.6,1228.9,66.0,4471.4,13.6,1328.7333333333333,1216.3666666666668,13.566666666666668
2011-10-01,1329.3,1210.4,65.9,4471.4,13.8,1325.8999999999999,1217.0,13.733333333333334
2011-11-01,1327.8,1211.7,65.9,4471.3,13.8,1328.2666666666667,1201.3666666666668,13.8
2011-12-01,1327.7,1182.0,65.1,4471.3,13.8,1318.533333333333,1195.1,13.933333333333332
2012-01-01,1300.1,1191.6,65.0,4470.4,14.2,1305.6333333333332,1180.9333333333334,14.166666666666666
2012-02-01,1289.1,1169.2,64.3,4469.3,14.5,1300.2,1181.8333333333333,14.066666666666668
2012-03-01,1311.4,1184.7,64.6,4469.3,13.5,1302.533333333333,1193.4666666666667,13.733333333333334
2012-04-01,1307.1,1226.5,65.3,4469.5,13.2,1306.466666666667,1201.3666666666666,13.6
2012-05-01,1300.9,1192.9,65.0,4469.7,14.1,1305.4666666666665,1197.6000000000001,13.833333333333334
2012-06-01,1308.4,1173.4,64.7,4470.5,14.2,1311.5000000000002,1179.9,14.033333333333333
2012-07-01,1325.2,1173.4,64.8,4470.8,13.8,1318.5666666666668,1173.5,14.166666666666666
2012-08-01,1322.1,1173.7,65.3,4469.5,14.5,1323.3666666666668,1178.9333333333334,14.133333333333335
2012-09-01,1322.8,1189.7,65.5,4468.0,14.1,1320.5333333333333,1184.6000000000001,14.133333333333333
2012-10-01,1316.7,1190.4,65.1,4466.8,13.8,1320.7666666666667,1189.5000000000002,13.9
2012-11-01,1322.8,1188.4,65.3,4465.3,13.8,1321.6,1193.4333333333334,13.766666666666666
2012-12-01,1325.3,1201.5,65.6,4463.8,13.7,1322.8,1203.5,13.5
2013-01-01,1320.3,1220.6,65.5,4460.9,13.0,1318.4333333333332,1221.3666666666666,13.233333333333334
2013-02-01,1309.7,1242.0,65.8,4458.8,13.0,1311.9333333333334,1225.6666666666667,13.233333333333334
2013-03-01,1305.8,1214.4,65.5,4457.6,13.7,1312.5,1218.7333333333333,13.466666666666667
2013-04-01,1322.0,1199.8,65.5,4456.5,13.7,1323.2,1203.0666666666666,13.466666666666667
2013-05-01,1341.8,1195.0,65.4,4455.8,13.0,1321.5666666666668,1211.1333333333332,13.299999999999999
2013-06-01,1300.9,1238.6,65.7,4455.5,13.2,1309.3,1215.6999999999998,13.266666666666666
2013-07-01,1285.2,1213.5,64.9,4454.3,13.6,1285.3666666666668,1226.9666666666665,13.566666666666668
2013-08-01,1270.0,1228.8,65.2,4451.9,13.9,1277.1000000000001,1220.4333333333334,13.466666666666667
2013-09-01,1276.1,1219.0,64.4,4449.0,12.9,1279.0333333333335,1213.4333333333334,13.6
2013-10-01,1291.0,1192.5,64.9,4446.6,14.0,1287.5666666666666,1198.2333333333333,13.5
2013-11-01,1295.6,1183.2,64.5,4443.9,13.6,1287.4666666666665,1192.1666666666667,13.766666666666666
2013-12-01,1275.8,1200.8,64.6,4441.2,13.7,1276.9666666666665,1198.8333333333333,13.633333333333333
2014-01-01,1259.5,1212.5,64.5,4437.4,13.6,1275.7,1198.9666666666667,13.633333333333333
2014-02-01,1291.8,1183.6,64.6,4434.4,13.6,1277.6666666666667,1202.9333333333334,13.5
2014-03-01,1281.7,1212.7,64.9,4432.7,13.3,1280.8999999999999,1203.9666666666665,13.366666666666665
2014-04-01,1269.2,1215.6,64.6,4430.4,13.2,1273.3,1216.6333333333332,13.366666666666667
2014-05-01,1269.0,1221.6,65.1,4428.6,13.6,1280.7666666666667,1211.9333333333334,13.433333333333332
2014-06-01,1304.1,1198.6,65.3,4426.8,13.5,1285.2666666666667,1221.033333333333,13.266666666666666
2014-07-01,1282.7,1242.9,65.4,4424.7,12.7,1283.8333333333333,1225.466666666667,13.133333333333333
2014-08-01,1264.7,1234.9,65.1,4421.0,13.2,1276.1000000000001,1234.6666666666667,13.333333333333334
2014-09-01,1280.9,1226.2,66.1,4416.0,14.1,1271.3333333333333,1237.7333333333333,13.366666666666667
2014-10-01,1268.4,1252.1,65.5,4411.7,12.8,1271.9000000000003,1242.7,13.366666666666665
2014-11-01,1266.4,1249.8,65.8,4407.5,13.2,1275.7,1243.7666666666667,13.1
2014-12-01,1292.3,1229.4,66.0,4403.6,13.3,1283.4666666666665,1235.3999999999999,13.066666666666668
2015-01-01,1291.7,1227.0,65.6,4397.6,12.7,1284.2,1234.7666666666667,13.0
2015-02-01,1268.6,1247.9,65.9,4392.0,13.0,1281.0666666666666,1237.8333333333333,12.766666666666666
2015-03-01,1282.9,1238.6,65.7,4388.0,12.6,1281.966666666667,1227.9,13.0
2015-04-01,1294.4,1197.2,65.6,4384.8,13.4,1298.1000000000001,1209.5333333333335,12.9
2015-05-01,1317.0,1192.8,65.6,4381.5,12.7,1310.2666666666667,1185.3333333333333,12.866666666666665
2015-06-01,1319.4,1166.0,64.9,4377.7,12.5,1310.4333333333334,1184.2666666666667,12.700000000000001
2015-07-01,1294.9,1194.0,65.3,4375.9,12.9,1304.1000000000001,1186.1,12.700000000000001
2015-08-01,1298.0,1198.3,65.4,4374.4,12.7,1291.4,1202.1333333333334,12.799999999999999
2015-09-01,1281.3,1214.1,65.5,4372.3,12.8,1289.2666666666667,1205.1666666666665,12.733333333333334
2015-10-01,1288.5,1203.1,65.3,4370.3,12.7,1290.6666666666667,1194.8,12.566666666666665
2015-11-01,1302.2,1167.2,64.4,4368.0,12.2,1289.5666666666666,1184.5666666666666,12.6
2015-12-01,1278.0,1183.4,64.7,4365.8,12.9,1293.5,1170.0,12.6
2016-01-01,1300.3,1159.4,64.6,4363.4,12.7,1292.5666666666668,1168.2,12.833333333333334
2016-02-01,1299.4,1161.8,64.8,4361.3,12.9,1290.1,1167.8666666666666,12.866666666666667
2016-03-01,1270.6,1182.4,64.7,4360.0,13.0,1283.0333333333333,1180.1,12.966666666666667
2016-04-01,1279.1,1196.1,65.3,4358.5,13.0,1267.0,1190.3666666666666,12.933333333333335
2016-05-01,1251.3,1192.6,64.3,4357.9,12.8,1256.4333333333334,1201.0666666666666,12.800000000000002
2016-06-01,1238.9,1214.5,64.4,4359.2,12.6,1244.5333333333335,1202.9666666666665,12.800000000000002
2016-07-01,1243.4,1201.8,64.5,4362.9,13.0,1253.3999999999999,1206.8333333333333,12.566666666666665
2016-08-01,1277.9,1204.2,64.7,4363.5,12.1,1271.0666666666668,1201.8333333333333,12.533333333333333
2016-09-01,1291.9,1199.5,65.2,4365.2,12.5,1282.4666666666665,1210.5,12.266666666666666
2016-10-01,1277.6,1227.8,65.4,4366.7,12.2,1270.3666666666668,1230.4666666666665,12.266666666666666
2016-11-01,1241.6,1264.1,65.3,4367.7,12.1,1263.1999999999998,1244.8,12.033333333333331
2016-12-01,1270.4,1242.5,65.2,4368.7,11.8,1259.2,1252.8,12.166666666666666
2017-01-01,1265.6,1251.8,65.9,4370.0,12.6,1261.6666666666667,1254.8,12.1
2017-02-01,1249.0,1270.1,65.4,4371.4,11.9,1262.8999999999999,1258.6999999999998,12.133333333333333
2017-03-01,1274.1,1254.2,65.6,4373.3,11.9,1262.5666666666666,1264.1666666666667,11.733333333333334
2017-04-01,1264.6,1268.2,65.3,4375.0,11.4,1274.8,1263.8333333333333,11.566666666666668
2017-05-01,1285.7,1269.1,65.8,4377.1,11.4,1283.6333333333334,1263.4666666666667,11.300000000000002
2017-06-01,1300.6,1253.1,65.6,4379.2,11.1,1305.5666666666668,1248.6,11.033333333333333
2017-07-01,1330.4,1223.6,65.2,4382.4,10.6,1299.0333333333333,1245.3333333333333,10.866666666666667
2017-08-01,1266.1,1259.3,64.6,4387.4,10.9,1301.6333333333334,1240.6333333333332,10.533333333333333
2017-09-01,1308.4,1239.0,64.6,4390.9,10.1,1298.9666666666667,1247.9666666666665,10.533333333333333
2017-10-01,1322.4,1245.6,65.4,4394.3,10.6,1326.1333333333334,1246.6,10.4
2017-11-01,1347.6,1255.2,66.2,4397.4,10.5,1333.4333333333334,1256.9333333333334,10.5
2017-12-01,1330.3,1270.0,66.0,4400.5,10.4,1336.1000000000001,1258.4333333333332,10.433333333333334
2018-01-01,1330.4,1250.1,65.4,4405.2,10.4,1330.1000000000001,1250.2,10.6
2018-02-01,1329.6,1230.5,65.2,4408.2,11.0,1336.6666666666667,1236.8999999999999,10.633333333333333
2018-03-01,1350.0,1230.1,65.4,4412.0,10.5,1357.9333333333334,1207.4333333333334,10.766666666666666
2018-04-01,1394.2,1161.7,64.9,4416.5,10.8,1365.3666666666668,1198.9666666666665,10.700000000000001
2018-05-01,1351.9,1205.1,64.9,4420.3,10.8,1362.9333333333334,1197.4666666666665,10.933333333333332
2018-06-01,1342.7,1225.6,65.4,4424.4,11.2,1347.9666666666667,1225.0333333333335,10.833333333333334
2018-07-01,1349.3,1244.4,65.4,4427.9,10.5,1346.6666666666667,1235.0,10.700000000000001
2018-08-01,1348.0,1235.0,65.1,4428.4,10.4,1343.7333333333333,1244.7666666666667,10.333333333333334
2018-09-01,1333.9,1254.9,65.0,4428.9,10.1,1345.7666666666667,1233.4333333333334,10.233333333333333
2018-10-01,1355.4,1210.4,64.5,4429.5,10.2,1348.3666666666668,1224.9333333333334,10.233333333333333
2018-11-01,1355.8,1209.5,64.6,4429.6,10.4,1349.0333333333335,1215.8333333333333,10.333333333333334
2018-12-01,1335.9,1227.6,64.6,4429.5,10.4,1346.2,1231.5666666666666,10.366666666666667
2019-01-01,1346.9,1257.6,65.6,4428.8,10.3,1346.0666666666666,1249.4333333333332,10.366666666666667
2019-02-01,1355.4,1263.1,66.0,4428.2,10.4,1347.5000000000002,1259.7,10.466666666666667
2019-03-01,1340.2,1258.4,65.7,4428.2,10.7,1343.2,1282.8,10.299999999999999
2019-04-01,1334.0,1326.9,66.6,4428.6,9.8,1332.1333333333332,1293.6000000000001,10.200000000000001
2019-05-01,1322.2,1295.5,65.8,4429.2,10.1,1327.2333333333333,1303.1333333333332,10.1
2019-06-01,1325.5,1287.0,65.8,4430.0,10.4,1317.8,1287.2666666666667,10.600000000000001
2019-07-01,1305.7,1279.3,65.7,4434.3,11.3,1325.8999999999999,1273.9,10.966666666666667
2019-08-01,1346.5,1255.4,66.0,4437.8,11.2,1318.8666666666666,1266.2333333333333,11.466666666666669
2019-09-01,1304.4,1264.0,65.6,4440.9,11.9,1319.3666666666668,1267.7666666666667,11.466666666666667
2019-10-01,1307.2,1283.9,65.7,4444.5,11.3,1304.7,1278.2333333333333,11.533333333333333
2019-11-01,1302.5,1286.8,65.7,4447.4,11.4,1308.3333333333333,1284.7,11.166666666666666
2019-12-01,1315.3,1283.4,65.5,4450.1,10.8,1313.4666666666667,1281.8333333333333,10.666666666666666
2020-01-01,1322.6,1275.3,64.7,4451.5,9.8,1319.4666666666665,1284.0666666666666,10.433333333333335
2020-02-01,1320.5,1293.5,65.7,4454.6,10.7,1296.0666666666666,1165.2,12.799999999999999
2020-03-01,1245.1,926.8,59.3,4456.4,17.9,1202.7,961.4666666666667,18.599999999999998
2020-04-01,1042.5,664.1,52.6,4457.8,27.2,1100.2666666666667,765.8000000000001,25.133333333333336
2020-05-01,1013.2,706.5,55.3,4458.4,30.3,1050.4333333333334,765.5666666666666,28.5
2020-06-01,1095.6,926.1,63.0,4457.1,28.0,1047.2666666666667,915.6333333333333,27.46666666666667
2020-07-01,1033.0,1114.3,63.5,4455.6,24.1,1063.3,1066.7333333333333,24.7
2020-08-01,1061.3,1159.8,64.0,4452.4,22.0,1094.6666666666667,1151.6333333333332,21.400000000000002
2020-09-01,1189.7,1180.8,65.1,4447.3,18.1,1136.3333333333333,1178.0,19.433333333333334
2020-10-01,1158.0,1193.4,64.7,4440.8,18.2,1180.8666666666668,1174.8333333333333,17.8
2020-11-01,1194.9,1150.3,63.8,4433.1,17.1,1183.6666666666667,1146.3,17.833333333333332
2020-12-01,1198.1,1095.2,63.4,4424.1,18.2,1197.6333333333334,1079.0,18.166666666666668
2021-01-01,1199.9,991.5,61.4,4413.4,19.2,1206.8333333333333,1052.4333333333332,18.266666666666666
2021-02-01,1222.5,1070.6,63.0,4402.8,17.4,1221.9,1072.8666666666666,16.933333333333334
2021-03-01,1243.3,1156.5,63.7,4392.8,14.2,1236.5666666666668,1098.5,15.866666666666665
2021-04-01,1243.9,1068.4,62.8,4382.9,16.0,1234.2666666666667,1088.3666666666668,15.433333333333332
2021-05-01,1215.6,1040.2,61.5,4373.5,16.1,1235.5,1096.6666666666667,15.366666666666665
2021-06-01,1247.0,1181.4,64.6,4367.5,14.0,1233.7,1156.8,14.033333333333333
2021-07-01,1238.5,1248.8,64.7,4368.1,12.0,1245.3,1236.0,12.533333333333333
2021-08-01,1250.4,1277.8,65.4,4372.3,11.6,1265.8,1263.1666666666667,11.6
2021-09-01,1308.5,1262.9,66.2,4375.6,11.2,1281.6333333333334,1277.9333333333334,10.833333333333334
2021-10-01,1286.0,1293.1,65.2,4381.2,9.7,1295.1000000000001,1286.6,10.333333333333332
2021-11-01,1290.8,1303.8,65.8,4387.9,10.1,1282.2,1307.2333333333333,10.166666666666666
2021-12-01,1269.8,1324.8,66.1,4394.9,10.7,1278.5333333333333,1278.2,11.1
2022-01-01,1275.0,1206.0,64.4,4400.7,12.5,1290.5666666666668,1271.4666666666665,11.166666666666666
2022-02-01,1326.9,1283.6,66.1,4406.6,10.3,1306.9666666666667,1261.6333333333332,10.700000000000001
2022-03-01,1319.0,1295.3,65.3,4412.8,9.3,1319.3999999999999,1292.9666666666665,9.966666666666667
2022-04-01,1312.3,1300.0,65.9,4418.4,10.3,1334.4666666666665,1288.2666666666667,9.700000000000001
2022-05-01,1372.1,1269.5,66.0,4425.2,9.5,1347.3333333333333,1282.1666666666667,9.700000000000001
2022-06-01,1357.6,1277.0,65.5,4432.7,9.3,1362.1666666666665,1270.4333333333334,9.266666666666667
2022-07-01,1356.8,1264.8,64.9,4438.6,9.0,1346.6666666666665,1275.2666666666667,9.166666666666666
2022-08-01,1325.6,1284.0,64.7,4442.6,9.2,1330.4333333333332,1274.1000000000001,9.5
2022-09-01,1308.9,1273.5,64.7,4448.4,10.3,1320.5,1277.1999999999998,10.1
2022-10-01,1327.0,1274.1,65.4,4456.1,10.8,1316.1333333333334,1284.1666666666667,10.433333333333334
2022-11-01,1312.5,1304.9,65.3,4464.3,10.2,1331.1333333333334,1294.8,10.266666666666667
2022-12-01,1353.9,1305.4,65.9,4473.4,9.8,1336.1333333333334,1310.1333333333334,10.0
2023-01-01,1342.0,1320.1,66.0,4484.8,10.0,1354.4333333333334,1309.9666666666665,9.966666666666667
2023-02-01,1367.4,1304.4,66.0,4501.1,10.1,1361.8666666666668,1314.0333333333335,9.766666666666666
2023-03-01,1376.2,1317.6,65.7,4517.7,9.2,1369.3666666666668,1317.6333333333332,9.700000000000001
2023-04-01,1364.5,1330.9,65.9,4533.1,9.8,1352.1333333333334,1320.0333333333335,9.933333333333332
2023-05-01,1315.7,1311.6,64.8,4549.7,10.8,1339.7666666666667,1317.533333333333,10.566666666666668
2023-06-01,1339.1,1310.1,65.3,4568.7,11.1,1333.8,1315.7333333333333,10.733333333333334
2023-07-01,1346.6,1325.5,64.9,4590.7,10.3,1353.4666666666665,1313.2666666666667,10.800000000000002
2023-08-01,1374.7,1304.2,65.2,4616.2,11.0,1361.5,1316.6666666666667,10.633333333333333
2023-09-01,1363.2,1320.3,64.7,4640.9,10.6,1357.9333333333334,1318.5666666666666,11.033333333333333
2023-10-01,1335.9,1331.2,64.5,4667.1,11.5,1351.5333333333335,1318.4666666666667,11.200000000000001
2023-11-01,1355.5,1303.9,64.0,4693.6,11.5,1346.1666666666667,1313.6000000000001,11.5
2023-12-01,1347.1,1305.7,63.5,4720.4,11.5,1351.2333333333333,1306.4333333333334,11.299999999999999
2024-01-01,1351.1,1309.7,62.9,4750.3,10.9,1352.4666666666665,1309.6333333333334,11.433333333333332
2024-02-01,1359.2,1313.5,63.5,4778.1,11.9,1352.1333333333332,1308.4666666666665,11.866666666666667
2024-03-01,1346.1,1302.2,63.2,4805.1,12.8,1362.6000000000001,1308.4333333333334,12.533333333333333
2024-04-01,1382.5,1309.6,63.9,4834.1,12.9,1356.2333333333333,1318.3666666666666,12.833333333333334
2024-05-01,1340.1,1343.3,63.3,4863.6,12.8,1355.6333333333332,1327.6,13.066666666666668
2024-06-01,1344.3,1329.9,63.2,4891.7,13.5,1340.3666666666666,1334.3666666666666,13.433333333333332
2024-07-01,1336.7,1329.9,63.0,4920.6,14.0,1328.7333333333333,1341.6000000000001,13.9
2024-08-01,1305.2,1365.0,62.9,4947.1,14.2,1324.3999999999999,1349.9333333333334,13.9
2024-09-01,1331.3,1354.9,62.5,4963.0,13.5,1331.7666666666667,1355.2,13.533333333333333
2024-10-01,1358.8,1345.7,62.4,4975.6,12.9,1349.7,1347.4666666666667,13.433333333333332
2024-11-01,1359.0,1341.8,62.9,4984.9,13.9,1360.6000000000001,1338.8999999999999,13.666666666666666
2024-12-01,1364.0,1329.2,62.8,4993.3,14.2,1372.7666666666667,1333.1666666666667,13.9
2025-01-01,1395.3,1328.5,63.1,4999.6,13.6,1374.3,1336.5,13.566666666666668
2025-02-01,1363.6,1351.8,62.3,5005.1,12.9,1371.1333333333332,1343.8,13.4
2025-03-01,1354.5,1351.1,62.6,5010.5,13.7,1368.533333333333,1343.1666666666665,13.566666666666665
2025-04-01,1387.5,1326.6,63.0,5013.7,14.1,1368.7666666666667,1342.3333333333333,14.0
2025-05-01,1364.3,1349.3,63.1,5014.9,14.2,1373.5333333333335,1343.1666666666667,14.166666666666666
2025-06-01,1368.8,1353.6,63.3,5015.4,14.2,1348.8333333333333,1359.3666666666666,14.333333333333334
2025-07-01,1313.4,1375.2,62.7,5017.0,14.6,1339.8333333333333,1363.5333333333335,14.433333333333332
2025-08-01,1337.3,1361.8,62.9,5017.5,14.5,,,
